Economy,Law Name,Law Number / Ref,Last Amended,Indicator ID,Article / Section,Discovery Tag,Location Reference,Verbatim Snippet,Mapping Rationale,Source URL,Confidence,Notes
Malaysia,PERSONAL DATA PROTECTION ACT 2010,,,P7-I1,Section 4,KNOWN,13,"4. In this Act, unless the context otherwise requires—
 “credit reporting agency” has the meaning assigned to it in the 
Credit Reporting Agencies Act 2010 [Act 710];
 “this Act” includes regulations, orders, notifications and other 
subsidiary legislation made under this Act;
 “register” means the Register of Data Users, Register of Data 
User Forums or Register of Codes of Practice;
 “personal data” means any information in respect of commercial 
transactions, which—
 
(a) is being processed wholly or partly by means of equipment 
operating automatically in response to instructions given 
for that purpose; 
 
(b) is recorded with the intention that it should wholly or 
partly be processed by means of such equipment; or
 
(c) is recorded as part of a relevant filing system or with 
the intention that it should form part of a relevant filing 
system,
that relates directly or indirectly to a data subject, who is 
identified or identifiable from that information or from that and 
other information in the possession of a data user, including any 
sensitive personal data and expression of opinion about the data 
subject; but does not include any information that is processed for 
the purpose of a credit reporting business carried on by a credit 
reporting agency under the Credit Reporting Agencies Act 2010;
 “sensitive personal data” means any personal data consisting of 
information as to the physical or mental health or condition of a 
data subject, his political opinions, his religious beliefs or other 
beliefs of a similar nature, the commission or alleged commission 
by him of any offence or any other personal data as the Minister 
may determine by order published in the Gazette;
 “prescribed” means prescribed by the Minister under this Act 
and where no mode is mentioned, means prescribed by order 
published in the Gazette;


14
ACT 709
Laws of Malaysia
 “Advisory Committee” means the Personal Data Protection 
Advisory Committee established under section 70;
 “vital interests” means matters relating to life, death or security 
of a data subject;
 “Fund” means the Personal Data Protection Fund established 
under section 61;
 “use”, in relation to personal data, does not include the act of 
collecting or disclosing such personal data;
 “collect”, in relation to personal data, means an act by which 
such personal data enters into or comes under the control of a 
data user; 
 “Minister” means the Minister charged with the responsibility 
for the protection of personal data;
 “disclose”, in relation to personal data, means an act by which 
such personal data is made available by a data user; 
 “relevant person”, in relation to a data subject, howsoever 
described, means—
 
(a) in the case of a data subject who is below the age of 
eighteen years, the parent, guardian or person who has 
parental responsibility for the data subject;
 
(b) in the case of a data subject who is incapable of managing 
his own affairs, a person who is appointed by a court to 
manage those affairs, or a person authorized in writing 
by the data subject to act on behalf of the data subject; 
or
 
(c) in any other case, a person authorized in writing by 
the data subject to make a data access request, data 
correction request, or both such requests, on behalf of 
the data subject; 
 “authorized officer” means any officer authorized in writing 
by the Commissioner under section 110;
 “correction”, in relation to personal data, includes amendment, 
variation, modification or deletion;


15
Personal Data Protection
 “requestor”, in relation to a data access request or data correction 
request, means the data subject or the relevant person on behalf 
of the data subject, who has made the request;
 “data processor”, in relation to personal data, means any 
person, other than an employee of the data user, who processes 
the personal data solely on behalf of the data user, and does not 
process the personal data for any of his own purposes;
 “processing”, in relation to personal data, means collecting, 
recording, holding or storing the personal data or carrying out any 
operation or set of operations on the personal data, including—
 
(a) the organization, adaptation or alteration of personal 
data;
 
(b) the retrieval, consultation or use of personal data;
 
(c) the disclosure of personal data by transmission, transfer, 
dissemination or otherwise making available; or 
 
(d) the alignment, combination, correction, erasure or destruction 
of personal data;
 “registration” means the registration of a data user under
section 16;
 “data user” means a person who either alone or jointly or in 
common with other persons processes any personal data or has 
control over or authorizes the processing of any personal data, 
but does not include a data processor;
 “relevant data user”, in relation to—
 
(a) an inspection, means the data user who uses the personal 
data system which is the subject of the inspection;
 
(b) a complaint, means the data user specified in the 
complaint;
 
(c) an investigation—
 
(i) in the case of an investigation initiated by a 
complaint, means the data user specified in the 
complaint;
 
(ii) in any other case, means the data user who is the 
subject of the investigation;


16
ACT 709
Laws of Malaysia
 
(d) an enforcement notice, means the data user on whom the 
enforcement notice is served;
 “credit reporting business” has the meaning assigned to it in 
the Credit Reporting Agencies Act 2010;
 “Commissioner” means the Personal Data Protection Commissioner 
appointed under section 47;
 “third party”, in relation to personal data, means any person 
other than—
 
(a) a data subject;
 
(b) a relevant person in relation to a data subject;
 
(c) a data user; 
 
(d) a data processor; or
 
(e) a person authorized in writing by the data user to process 
the personal data under the direct control of the data 
user; 
 “relevant filing system” means any set of information relating 
to individuals to the extent that, although the information is 
not processed by means of equipment operating automatically 
in response to instructions given for that purpose, the set of 
information is structured, either by reference to individuals or by 
reference to criteria relating to individuals, in such a way that 
specific information relating to a particular individual is readily 
accessible;
 “data subject” means an individual who is the subject of the 
personal data;
 “appointed date” means the relevant date or dates, as the case 
may be, on which this Act comes into operation;
 “code of practice” means the personal data protection code 
of practice in respect of a specific class of data users registered 
by the Commissioner pursuant to section 23 or issued by the 
Commissioner under section 24;
 “commercial transactions” means any transaction of a commercial 
nature, whether contractual or not, which includes any matters 
relating to the supply or exchange of goods or services, agency, 


17
Personal Data Protection
investments, financing, banking and insurance, but does not include 
a credit reporting business carried out by a credit reporting agency 
under the Credit Reporting Agencies Act 2010.
PART II
PERSONAL DATA PROTECTION
Division 1
Personal Data Protection Principles
Personal Data Protection Principles",,https://lom.agc.gov.my/ilims/upload/portal/akta/outputaktap/Act%20709%20ori.pdf,0.999996882084457,
Malaysia,PERSONAL DATA PROTECTION ACT 2010,,,P7-I2,Section 115(1),KNOWN,76,"115. (1) An authorized officer conducting a search under
sections 113 and 114 shall be given access to computerized data 
whether stored in a computer or otherwise.
 (2) For the purposes of this section, “access”—
 
(a) includes being provided with the necessary password, 
encryption code, decryption code, software or hardware 
and any other means required to enable comprehension 
of computerized data; and


77
Personal Data Protection
 
(b) has the meaning assigned to it by subsections 2(2) and 
(5) of the Computer Crimes Act 1997 [Act 563].
Warrant admissible notwithstanding defects",,https://lom.agc.gov.my/ilims/upload/portal/akta/outputaktap/Act%20709%20ori.pdf,0.999984307932952,
Malaysia,PERSONAL DATA PROTECTION ACT 2010,,,P7-I4,Section 115(1),KNOWN,76,"115. (1) An authorized officer conducting a search under
sections 113 and 114 shall be given access to computerized data 
whether stored in a computer or otherwise.
 (2) For the purposes of this section, “access”—
 
(a) includes being provided with the necessary password, 
encryption code, decryption code, software or hardware 
and any other means required to enable comprehension 
of computerized data; and


77
Personal Data Protection
 
(b) has the meaning assigned to it by subsections 2(2) and 
(5) of the Computer Crimes Act 1997 [Act 563].
Warrant admissible notwithstanding defects",,https://lom.agc.gov.my/ilims/upload/portal/akta/outputaktap/Act%20709%20ori.pdf,0.999999431213594,
Malaysia,PERSONAL DATA PROTECTION ACT 2010,,,P7-I5,Section 32(1),KNOWN,32,"32. (1) A data user may refuse to comply with a data access 
request under section 30 if—
 
(a) the data user is not supplied with such information as he 
may reasonably require—
 
(i) in order to satisfy himself as to the identity of the 
requestor; or
 
(ii) where the requestor claims to be a relevant person, 
in order to satisfy himself—
 
(A) as to the identity of the data subject in 
relation to whom the requestor claims to 
be the relevant person; and


33
Personal Data Protection
 
(B) that the requestor is the relevant person 
in relation to the data subject;
 
(b) the data user is not supplied with such information as 
he may reasonably require to locate the personal data 
to which the data access request relates; 
 
(c) the burden or expense of providing access is disproportionate 
to the risks to the data subject’s privacy in relation to 
the personal data in the case in question; 
 
(d) the data user cannot comply with the data access request 
without disclosing personal data relating to another 
individual who can be identified from that information, 
unless—
 
(i) that other individual has consented to the disclosure 
of the information to the requestor; or 
 
(ii) it is reasonable in all the circumstances to comply 
with the data access request without the consent 
of the other individual;
 
 
(e) subject to subsection (3), any other data user controls 
the processing of the personal data to which the data 
access request relates in such a way as to prohibit the 
first-mentioned data user from complying, whether in 
whole or in part, with the data access request;
 
(f) providing access would constitute a violation of an order 
of a court;
 
(g) providing access would disclose confidential commercial 
information; or
 
(h) such access to personal data is regulated by another 
law.
 (2) In determining for the purposes of subparagraph (1)(d)(ii) 
whether it is reasonable in all the circumstances to comply with 
the data access request without the consent of the other individual, 
regard shall be had, in particular, to—
 
(a) any duty of confidentiality owed to the other 
individual; 
 
(b) any steps taken by the data user with a view to seeking 
the consent of the other individual;


34
ACT 709
Laws of Malaysia
 
(c) whether the other individual is capable of giving consent; 
and
 
(d) any express refusal of consent by the other individual. 
 (3) Paragraph (1)(e) shall not operate so as to excuse the
data user from complying with the data access request under 
subsection 30(2) to any extent that the data user can comply 
with the data access request without contravening the prohibition 
concerned.
Notification of refusal to comply with data access request",,https://lom.agc.gov.my/ilims/upload/portal/akta/outputaktap/Act%20709%20ori.pdf,0.9999999911211418,
